sku,fecha,unidades_vendidas
SKU-001,2023-01,41
SKU-001,2023-02,39
SKU-001,2023-03,49
SKU-001,2023-04,56
SKU-001,2023-05,52
SKU-001,2023-06,64
SKU-001,2023-07,63
SKU-001,2023-08,64
SKU-001,2023-09,60
SKU-001,2023-10,72
SKU-001,2023-11,51
SKU-001,2023-12,42
SKU-001,2024-01,59
SKU-001,2024-02,42
SKU-001,2024-03,48
SKU-001,2024-04,60
SKU-001,2024-05,39
SKU-001,2024-06,44
SKU-001,2024-07,44
SKU-001,2024-08,52
SKU-001,2024-09,59
SKU-001,2024-10,58
SKU-001,2024-11,55
SKU-001,2024-12,47
SKU-002,2023-01,42
SKU-002,2023-02,67
SKU-002,2023-03,64
SKU-002,2023-04,78
SKU-002,2023-05,84
SKU-002,2023-06,81
SKU-002,2023-07,92
SKU-002,2023-08,87
SKU-002,2023-09,88
SKU-002,2023-10,71
SKU-002,2023-11,75
SKU-002,2023-12,87
SKU-002,2024-01,77
SKU-002,2024-02,62
SKU-002,2024-03,75
SKU-002,2024-04,69
SKU-002,2024-05,74
SKU-002,2024-06,89
SKU-002,2024-07,60
SKU-002,2024-08,70
SKU-002,2024-09,65
SKU-002,2024-10,53
SKU-002,2024-11,69
SKU-002,2024-12,93
SKU-003,2023-01,79
SKU-003,2023-02,88
SKU-003,2023-03,95
SKU-003,2023-04,80
SKU-003,2023-05,102
SKU-003,2023-06,90
SKU-003,2023-07,82
SKU-003,2023-08,87
SKU-003,2023-09,72
SKU-003,2023-10,77
SKU-003,2023-11,82
SKU-003,2023-12,105
SKU-003,2024-01,98
SKU-003,2024-02,57
SKU-003,2024-03,83
SKU-003,2024-04,68
SKU-003,2024-05,91
SKU-003,2024-06,87
SKU-003,2024-07,70
SKU-003,2024-08,107
SKU-003,2024-09,84
SKU-003,2024-10,82
SKU-003,2024-11,73
SKU-003,2024-12,86
SKU-004,2023-01,80
SKU-004,2023-02,71
SKU-004,2023-03,81
SKU-004,2023-04,85
SKU-004,2023-05,100
SKU-004,2023-06,83
SKU-004,2023-07,73
SKU-004,2023-08,107
SKU-004,2023-09,86
SKU-004,2023-10,102
SKU-004,2023-11,90
SKU-004,2023-12,92
SKU-004,2024-01,79
SKU-004,2024-02,98
SKU-004,2024-03,103
SKU-004,2024-04,81
SKU-004,2024-05,86
SKU-004,2024-06,101
SKU-004,2024-07,81
SKU-004,2024-08,98
SKU-004,2024-09,90
SKU-004,2024-10,92
SKU-004,2024-11,75
SKU-004,2024-12,74
SKU-005,2023-01,62
SKU-005,2023-02,68
SKU-005,2023-03,74
SKU-005,2023-04,106
SKU-005,2023-05,99
SKU-005,2023-06,76
SKU-005,2023-07,97
SKU-005,2023-08,90
SKU-005,2023-09,88
SKU-005,2023-10,91
SKU-005,2023-11,94
SKU-005,2023-12,90
SKU-005,2024-01,90
SKU-005,2024-02,60
SKU-005,2024-03,78
SKU-005,2024-04,114
SKU-005,2024-05,87
SKU-005,2024-06,107
SKU-005,2024-07,94
SKU-005,2024-08,102
SKU-005,2024-09,91
SKU-005,2024-10,87
SKU-005,2024-11,76
SKU-005,2024-12,100
SKU-006,2023-01,54
SKU-006,2023-02,68
SKU-006,2023-03,75
SKU-006,2023-04,71
SKU-006,2023-05,66
SKU-006,2023-06,78
SKU-006,2023-07,73
SKU-006,2023-08,88
SKU-006,2023-09,56
SKU-006,2023-10,69
SKU-006,2023-11,50
SKU-006,2023-12,62
SKU-006,2024-01,77
SKU-006,2024-02,70
SKU-006,2024-03,56
SKU-006,2024-04,51
SKU-006,2024-05,38
SKU-006,2024-06,67
SKU-006,2024-07,102
SKU-006,2024-08,82
SKU-006,2024-09,69
SKU-006,2024-10,78
SKU-006,2024-11,55
SKU-006,2024-12,75
SKU-007,2023-01,74
SKU-007,2023-02,83
SKU-007,2023-03,81
SKU-007,2023-04,89
SKU-007,2023-05,75
SKU-007,2023-06,99
SKU-007,2023-07,112
SKU-007,2023-08,81
SKU-007,2023-09,79
SKU-007,2023-10,105
SKU-007,2023-11,83
SKU-007,2023-12,111
SKU-007,2024-01,70
SKU-007,2024-02,92
SKU-007,2024-03,78
SKU-007,2024-04,83
SKU-007,2024-05,103
SKU-007,2024-06,83
SKU-007,2024-07,80
SKU-007,2024-08,88
SKU-007,2024-09,96
SKU-007,2024-10,68
SKU-007,2024-11,93
SKU-007,2024-12,87
SKU-008,2023-01,77
SKU-008,2023-02,37
SKU-008,2023-03,57
SKU-008,2023-04,50
SKU-008,2023-05,63
SKU-008,2023-06,78
SKU-008,2023-07,77
SKU-008,2023-08,77
SKU-008,2023-09,76
SKU-008,2023-10,77
SKU-008,2023-11,62
SKU-008,2023-12,88
SKU-008,2024-01,71
SKU-008,2024-02,67
SKU-008,2024-03,72
SKU-008,2024-04,72
SKU-008,2024-05,93
SKU-008,2024-06,74
SKU-008,2024-07,75
SKU-008,2024-08,72
SKU-008,2024-09,66
SKU-008,2024-10,62
SKU-008,2024-11,63
SKU-008,2024-12,79
SKU-009,2023-01,78
SKU-009,2023-02,65
SKU-009,2023-03,90
SKU-009,2023-04,92
SKU-009,2023-05,83
SKU-009,2023-06,81
SKU-009,2023-07,101
SKU-009,2023-08,98
SKU-009,2023-09,74
SKU-009,2023-10,89
SKU-009,2023-11,91
SKU-009,2023-12,84
SKU-009,2024-01,79
SKU-009,2024-02,56
SKU-009,2024-03,96
SKU-009,2024-04,98
SKU-009,2024-05,82
SKU-009,2024-06,94
SKU-009,2024-07,63
SKU-009,2024-08,81
SKU-009,2024-09,89
SKU-009,2024-10,76
SKU-009,2024-11,96
SKU-009,2024-12,122
SKU-010,2023-01,60
SKU-010,2023-02,62
SKU-010,2023-03,79
SKU-010,2023-04,99
SKU-010,2023-05,67
SKU-010,2023-06,90
SKU-010,2023-07,113
SKU-010,2023-08,72
SKU-010,2023-09,73
SKU-010,2023-10,81
SKU-010,2023-11,78
SKU-010,2023-12,103
SKU-010,2024-01,77
SKU-010,2024-02,50
SKU-010,2024-03,82
SKU-010,2024-04,72
SKU-010,2024-05,98
SKU-010,2024-06,79
SKU-010,2024-07,83
SKU-010,2024-08,99
SKU-010,2024-09,99
SKU-010,2024-10,92
SKU-010,2024-11,63
SKU-010,2024-12,99
SKU-011,2023-01,52
SKU-011,2023-02,16
SKU-011,2023-03,58
SKU-011,2023-04,33
SKU-011,2023-05,25
SKU-011,2023-06,70
SKU-011,2023-07,63
SKU-011,2023-08,46
SKU-011,2023-09,88
SKU-011,2023-10,46
SKU-011,2023-11,54
SKU-011,2023-12,65
SKU-011,2024-01,34
SKU-011,2024-02,56
SKU-011,2024-03,37
SKU-011,2024-04,42
SKU-011,2024-05,81
SKU-011,2024-06,33
SKU-011,2024-07,7
SKU-011,2024-08,93
SKU-011,2024-09,111
SKU-011,2024-10,47
SKU-011,2024-11,12
SKU-011,2024-12,52
SKU-012,2023-01,34
SKU-012,2023-02,35
SKU-012,2023-03,20
SKU-012,2023-04,52
SKU-012,2023-05,53
SKU-012,2023-06,19
SKU-012,2023-07,60
SKU-012,2023-08,85
SKU-012,2023-09,50
SKU-012,2023-10,40
SKU-012,2023-11,42
SKU-012,2023-12,60
SKU-012,2024-01,9
SKU-012,2024-02,41
SKU-012,2024-03,33
SKU-012,2024-04,74
SKU-012,2024-05,40
SKU-012,2024-06,75
SKU-012,2024-07,28
SKU-012,2024-08,59
SKU-012,2024-09,53
SKU-012,2024-10,30
SKU-012,2024-11,48
SKU-012,2024-12,70
SKU-013,2023-01,12
SKU-013,2023-02,48
SKU-013,2023-03,30
SKU-013,2023-04,45
SKU-013,2023-05,53
SKU-013,2023-06,20
SKU-013,2023-07,24
SKU-013,2023-08,72
SKU-013,2023-09,47
SKU-013,2023-10,1
SKU-013,2023-11,73
SKU-013,2023-12,67
SKU-013,2024-01,33
SKU-013,2024-02,19
SKU-013,2024-03,68
SKU-013,2024-04,60
SKU-013,2024-05,107
SKU-013,2024-06,66
SKU-013,2024-07,69
SKU-013,2024-08,57
SKU-013,2024-09,77
SKU-013,2024-10,71
SKU-013,2024-11,83
SKU-013,2024-12,50
SKU-014,2023-01,39
SKU-014,2023-02,37
SKU-014,2023-03,66
SKU-014,2023-04,84
SKU-014,2023-05,44
SKU-014,2023-06,47
SKU-014,2023-07,66
SKU-014,2023-08,55
SKU-014,2023-09,78
SKU-014,2023-10,8
SKU-014,2023-11,37
SKU-014,2023-12,43
SKU-014,2024-01,0
SKU-014,2024-02,26
SKU-014,2024-03,29
SKU-014,2024-04,47
SKU-014,2024-05,78
SKU-014,2024-06,51
SKU-014,2024-07,37
SKU-014,2024-08,59
SKU-014,2024-09,80
SKU-014,2024-10,35
SKU-014,2024-11,35
SKU-014,2024-12,72
SKU-015,2023-01,66
SKU-015,2023-02,49
SKU-015,2023-03,68
SKU-015,2023-04,31
SKU-015,2023-05,56
SKU-015,2023-06,55
SKU-015,2023-07,34
SKU-015,2023-08,28
SKU-015,2023-09,77
SKU-015,2023-10,51
SKU-015,2023-11,34
SKU-015,2023-12,61
SKU-015,2024-01,77
SKU-015,2024-02,0
SKU-015,2024-03,18
SKU-015,2024-04,33
SKU-015,2024-05,90
SKU-015,2024-06,66
SKU-015,2024-07,80
SKU-015,2024-08,37
SKU-015,2024-09,36
SKU-015,2024-10,70
SKU-015,2024-11,59
SKU-015,2024-12,76
SKU-016,2023-01,25
SKU-016,2023-02,26
SKU-016,2023-03,27
SKU-016,2023-04,31
SKU-016,2023-05,33
SKU-016,2023-06,21
SKU-016,2023-07,20
SKU-016,2023-08,37
SKU-016,2023-09,37
SKU-016,2023-10,25
SKU-016,2023-11,19
SKU-016,2023-12,32
SKU-016,2024-01,30
SKU-016,2024-02,34
SKU-016,2024-03,29
SKU-016,2024-04,25
SKU-016,2024-05,24
SKU-016,2024-06,30
SKU-016,2024-07,30
SKU-016,2024-08,27
SKU-016,2024-09,42
SKU-016,2024-10,39
SKU-016,2024-11,35
SKU-016,2024-12,27
SKU-017,2023-01,24
SKU-017,2023-02,23
SKU-017,2023-03,27
SKU-017,2023-04,25
SKU-017,2023-05,27
SKU-017,2023-06,27
SKU-017,2023-07,27
SKU-017,2023-08,19
SKU-017,2023-09,26
SKU-017,2023-10,22
SKU-017,2023-11,18
SKU-017,2023-12,34
SKU-017,2024-01,29
SKU-017,2024-02,26
SKU-017,2024-03,23
SKU-017,2024-04,28
SKU-017,2024-05,24
SKU-017,2024-06,26
SKU-017,2024-07,21
SKU-017,2024-08,28
SKU-017,2024-09,26
SKU-017,2024-10,19
SKU-017,2024-11,24
SKU-017,2024-12,26
SKU-018,2023-01,33
SKU-018,2023-02,28
SKU-018,2023-03,24
SKU-018,2023-04,27
SKU-018,2023-05,27
SKU-018,2023-06,27
SKU-018,2023-07,24
SKU-018,2023-08,29
SKU-018,2023-09,25
SKU-018,2023-10,22
SKU-018,2023-11,30
SKU-018,2023-12,32
SKU-018,2024-01,15
SKU-018,2024-02,23
SKU-018,2024-03,29
SKU-018,2024-04,31
SKU-018,2024-05,31
SKU-018,2024-06,28
SKU-018,2024-07,25
SKU-018,2024-08,24
SKU-018,2024-09,30
SKU-018,2024-10,30
SKU-018,2024-11,33
SKU-018,2024-12,35
SKU-019,2023-01,17
SKU-019,2023-02,21
SKU-019,2023-03,24
SKU-019,2023-04,24
SKU-019,2023-05,23
SKU-019,2023-06,28
SKU-019,2023-07,26
SKU-019,2023-08,26
SKU-019,2023-09,29
SKU-019,2023-10,25
SKU-019,2023-11,27
SKU-019,2023-12,30
SKU-019,2024-01,18
SKU-019,2024-02,20
SKU-019,2024-03,30
SKU-019,2024-04,19
SKU-019,2024-05,16
SKU-019,2024-06,18
SKU-019,2024-07,28
SKU-019,2024-08,29
SKU-019,2024-09,27
SKU-019,2024-10,32
SKU-019,2024-11,14
SKU-019,2024-12,30
SKU-020,2023-01,41
SKU-020,2023-02,23
SKU-020,2023-03,29
SKU-020,2023-04,28
SKU-020,2023-05,29
SKU-020,2023-06,34
SKU-020,2023-07,47
SKU-020,2023-08,50
SKU-020,2023-09,35
SKU-020,2023-10,48
SKU-020,2023-11,35
SKU-020,2023-12,50
SKU-020,2024-01,30
SKU-020,2024-02,31
SKU-020,2024-03,34
SKU-020,2024-04,53
SKU-020,2024-05,40
SKU-020,2024-06,32
SKU-020,2024-07,44
SKU-020,2024-08,36
SKU-020,2024-09,34
SKU-020,2024-10,42
SKU-020,2024-11,35
SKU-020,2024-12,40
SKU-021,2023-01,33
SKU-021,2023-02,33
SKU-021,2023-03,19
SKU-021,2023-04,37
SKU-021,2023-05,28
SKU-021,2023-06,27
SKU-021,2023-07,38
SKU-021,2023-08,39
SKU-021,2023-09,33
SKU-021,2023-10,41
SKU-021,2023-11,27
SKU-021,2023-12,36
SKU-021,2024-01,27
SKU-021,2024-02,30
SKU-021,2024-03,33
SKU-021,2024-04,27
SKU-021,2024-05,39
SKU-021,2024-06,37
SKU-021,2024-07,26
SKU-021,2024-08,26
SKU-021,2024-09,37
SKU-021,2024-10,35
SKU-021,2024-11,35
SKU-021,2024-12,39
SKU-022,2023-01,22
SKU-022,2023-02,25
SKU-022,2023-03,17
SKU-022,2023-04,17
SKU-022,2023-05,19
SKU-022,2023-06,26
SKU-022,2023-07,31
SKU-022,2023-08,25
SKU-022,2023-09,15
SKU-022,2023-10,17
SKU-022,2023-11,20
SKU-022,2023-12,24
SKU-022,2024-01,19
SKU-022,2024-02,21
SKU-022,2024-03,20
SKU-022,2024-04,27
SKU-022,2024-05,21
SKU-022,2024-06,21
SKU-022,2024-07,28
SKU-022,2024-08,20
SKU-022,2024-09,27
SKU-022,2024-10,25
SKU-022,2024-11,23
SKU-022,2024-12,33
SKU-023,2023-01,40
SKU-023,2023-02,26
SKU-023,2023-03,22
SKU-023,2023-04,31
SKU-023,2023-05,25
SKU-023,2023-06,29
SKU-023,2023-07,37
SKU-023,2023-08,39
SKU-023,2023-09,30
SKU-023,2023-10,39
SKU-023,2023-11,39
SKU-023,2023-12,44
SKU-023,2024-01,31
SKU-023,2024-02,36
SKU-023,2024-03,18
SKU-023,2024-04,28
SKU-023,2024-05,27
SKU-023,2024-06,34
SKU-023,2024-07,31
SKU-023,2024-08,34
SKU-023,2024-09,45
SKU-023,2024-10,32
SKU-023,2024-11,35
SKU-023,2024-12,34
SKU-024,2023-01,34
SKU-024,2023-02,33
SKU-024,2023-03,38
SKU-024,2023-04,44
SKU-024,2023-05,49
SKU-024,2023-06,42
SKU-024,2023-07,45
SKU-024,2023-08,34
SKU-024,2023-09,40
SKU-024,2023-10,46
SKU-024,2023-11,44
SKU-024,2023-12,44
SKU-024,2024-01,40
SKU-024,2024-02,36
SKU-024,2024-03,43
SKU-024,2024-04,38
SKU-024,2024-05,35
SKU-024,2024-06,42
SKU-024,2024-07,21
SKU-024,2024-08,45
SKU-024,2024-09,16
SKU-024,2024-10,28
SKU-024,2024-11,41
SKU-024,2024-12,45
SKU-025,2023-01,26
SKU-025,2023-02,38
SKU-025,2023-03,28
SKU-025,2023-04,46
SKU-025,2023-05,33
SKU-025,2023-06,38
SKU-025,2023-07,47
SKU-025,2023-08,38
SKU-025,2023-09,30
SKU-025,2023-10,35
SKU-025,2023-11,34
SKU-025,2023-12,29
SKU-025,2024-01,29
SKU-025,2024-02,25
SKU-025,2024-03,36
SKU-025,2024-04,32
SKU-025,2024-05,32
SKU-025,2024-06,35
SKU-025,2024-07,38
SKU-025,2024-08,41
SKU-025,2024-09,30
SKU-025,2024-10,29
SKU-025,2024-11,41
SKU-025,2024-12,35
SKU-026,2023-01,7
SKU-026,2023-02,24
SKU-026,2023-03,25
SKU-026,2023-04,7
SKU-026,2023-05,25
SKU-026,2023-06,31
SKU-026,2023-07,28
SKU-026,2023-08,31
SKU-026,2023-09,11
SKU-026,2023-10,27
SKU-026,2023-11,20
SKU-026,2023-12,21
SKU-026,2024-01,29
SKU-026,2024-02,34
SKU-026,2024-03,38
SKU-026,2024-04,34
SKU-026,2024-05,21
SKU-026,2024-06,27
SKU-026,2024-07,32
SKU-026,2024-08,26
SKU-026,2024-09,26
SKU-026,2024-10,32
SKU-026,2024-11,22
SKU-026,2024-12,18
SKU-027,2023-01,32
SKU-027,2023-02,24
SKU-027,2023-03,29
SKU-027,2023-04,34
SKU-027,2023-05,23
SKU-027,2023-06,38
SKU-027,2023-07,35
SKU-027,2023-08,16
SKU-027,2023-09,47
SKU-027,2023-10,23
SKU-027,2023-11,9
SKU-027,2023-12,19
SKU-027,2024-01,13
SKU-027,2024-02,25
SKU-027,2024-03,22
SKU-027,2024-04,22
SKU-027,2024-05,35
SKU-027,2024-06,33
SKU-027,2024-07,34
SKU-027,2024-08,36
SKU-027,2024-09,37
SKU-027,2024-10,4
SKU-027,2024-11,24
SKU-027,2024-12,5
SKU-028,2023-01,21
SKU-028,2023-02,21
SKU-028,2023-03,32
SKU-028,2023-04,35
SKU-028,2023-05,26
SKU-028,2023-06,20
SKU-028,2023-07,31
SKU-028,2023-08,21
SKU-028,2023-09,25
SKU-028,2023-10,35
SKU-028,2023-11,18
SKU-028,2023-12,35
SKU-028,2024-01,28
SKU-028,2024-02,11
SKU-028,2024-03,31
SKU-028,2024-04,30
SKU-028,2024-05,25
SKU-028,2024-06,17
SKU-028,2024-07,17
SKU-028,2024-08,21
SKU-028,2024-09,31
SKU-028,2024-10,15
SKU-028,2024-11,28
SKU-028,2024-12,14
SKU-029,2023-01,30
SKU-029,2023-02,61
SKU-029,2023-03,10
SKU-029,2023-04,50
SKU-029,2023-05,34
SKU-029,2023-06,39
SKU-029,2023-07,36
SKU-029,2023-08,41
SKU-029,2023-09,32
SKU-029,2023-10,53
SKU-029,2023-11,26
SKU-029,2023-12,51
SKU-029,2024-01,20
SKU-029,2024-02,27
SKU-029,2024-03,15
SKU-029,2024-04,36
SKU-029,2024-05,51
SKU-029,2024-06,32
SKU-029,2024-07,32
SKU-029,2024-08,20
SKU-029,2024-09,31
SKU-029,2024-10,12
SKU-029,2024-11,20
SKU-029,2024-12,38
SKU-030,2023-01,42
SKU-030,2023-02,59
SKU-030,2023-03,19
SKU-030,2023-04,45
SKU-030,2023-05,31
SKU-030,2023-06,28
SKU-030,2023-07,37
SKU-030,2023-08,33
SKU-030,2023-09,32
SKU-030,2023-10,25
SKU-030,2023-11,12
SKU-030,2023-12,13
SKU-030,2024-01,34
SKU-030,2024-02,22
SKU-030,2024-03,19
SKU-030,2024-04,27
SKU-030,2024-05,38
SKU-030,2024-06,32
SKU-030,2024-07,23
SKU-030,2024-08,47
SKU-030,2024-09,50
SKU-030,2024-10,36
SKU-030,2024-11,41
SKU-030,2024-12,47
SKU-031,2023-01,25
SKU-031,2023-02,24
SKU-031,2023-03,25
SKU-031,2023-04,10
SKU-031,2023-05,28
SKU-031,2023-06,10
SKU-031,2023-07,16
SKU-031,2023-08,36
SKU-031,2023-09,31
SKU-031,2023-10,36
SKU-031,2023-11,19
SKU-031,2023-12,13
SKU-031,2024-01,17
SKU-031,2024-02,20
SKU-031,2024-03,20
SKU-031,2024-04,31
SKU-031,2024-05,18
SKU-031,2024-06,26
SKU-031,2024-07,15
SKU-031,2024-08,28
SKU-031,2024-09,23
SKU-031,2024-10,16
SKU-031,2024-11,20
SKU-031,2024-12,22
SKU-032,2023-01,18
SKU-032,2023-02,38
SKU-032,2023-03,21
SKU-032,2023-04,20
SKU-032,2023-05,2
SKU-032,2023-06,16
SKU-032,2023-07,23
SKU-032,2023-08,19
SKU-032,2023-09,39
SKU-032,2023-10,23
SKU-032,2023-11,37
SKU-032,2023-12,27
SKU-032,2024-01,21
SKU-032,2024-02,20
SKU-032,2024-03,22
SKU-032,2024-04,40
SKU-032,2024-05,0
SKU-032,2024-06,5
SKU-032,2024-07,20
SKU-032,2024-08,27
SKU-032,2024-09,32
SKU-032,2024-10,29
SKU-032,2024-11,20
SKU-032,2024-12,37
SKU-033,2023-01,17
SKU-033,2023-02,23
SKU-033,2023-03,18
SKU-033,2023-04,13
SKU-033,2023-05,23
SKU-033,2023-06,19
SKU-033,2023-07,19
SKU-033,2023-08,31
SKU-033,2023-09,0
SKU-033,2023-10,8
SKU-033,2023-11,9
SKU-033,2023-12,17
SKU-033,2024-01,14
SKU-033,2024-02,4
SKU-033,2024-03,9
SKU-033,2024-04,10
SKU-033,2024-05,36
SKU-033,2024-06,32
SKU-033,2024-07,16
SKU-033,2024-08,17
SKU-033,2024-09,10
SKU-033,2024-10,4
SKU-033,2024-11,17
SKU-033,2024-12,12
SKU-034,2023-01,25
SKU-034,2023-02,6
SKU-034,2023-03,17
SKU-034,2023-04,30
SKU-034,2023-05,34
SKU-034,2023-06,36
SKU-034,2023-07,16
SKU-034,2023-08,44
SKU-034,2023-09,22
SKU-034,2023-10,39
SKU-034,2023-11,30
SKU-034,2023-12,16
SKU-034,2024-01,23
SKU-034,2024-02,31
SKU-034,2024-03,35
SKU-034,2024-04,27
SKU-034,2024-05,49
SKU-034,2024-06,44
SKU-034,2024-07,29
SKU-034,2024-08,43
SKU-034,2024-09,56
SKU-034,2024-10,56
SKU-034,2024-11,15
SKU-034,2024-12,21
SKU-035,2023-01,8
SKU-035,2023-02,5
SKU-035,2023-03,12
SKU-035,2023-04,20
SKU-035,2023-05,17
SKU-035,2023-06,13
SKU-035,2023-07,14
SKU-035,2023-08,14
SKU-035,2023-09,12
SKU-035,2023-10,36
SKU-035,2023-11,20
SKU-035,2023-12,26
SKU-035,2024-01,12
SKU-035,2024-02,14
SKU-035,2024-03,11
SKU-035,2024-04,0
SKU-035,2024-05,7
SKU-035,2024-06,5
SKU-035,2024-07,2
SKU-035,2024-08,11
SKU-035,2024-09,29
SKU-035,2024-10,18
SKU-035,2024-11,28
SKU-035,2024-12,23
SKU-036,2023-01,25
SKU-036,2023-02,10
SKU-036,2023-03,23
SKU-036,2023-04,26
SKU-036,2023-05,15
SKU-036,2023-06,26
SKU-036,2023-07,28
SKU-036,2023-08,18
SKU-036,2023-09,12
SKU-036,2023-10,11
SKU-036,2023-11,22
SKU-036,2023-12,26
SKU-036,2024-01,11
SKU-036,2024-02,18
SKU-036,2024-03,24
SKU-036,2024-04,25
SKU-036,2024-05,34
SKU-036,2024-06,33
SKU-036,2024-07,14
SKU-036,2024-08,38
SKU-036,2024-09,17
SKU-036,2024-10,31
SKU-036,2024-11,22
SKU-036,2024-12,19
SKU-037,2023-01,24
SKU-037,2023-02,6
SKU-037,2023-03,39
SKU-037,2023-04,47
SKU-037,2023-05,19
SKU-037,2023-06,35
SKU-037,2023-07,23
SKU-037,2023-08,25
SKU-037,2023-09,42
SKU-037,2023-10,31
SKU-037,2023-11,52
SKU-037,2023-12,27
SKU-037,2024-01,39
SKU-037,2024-02,27
SKU-037,2024-03,37
SKU-037,2024-04,23
SKU-037,2024-05,29
SKU-037,2024-06,30
SKU-037,2024-07,22
SKU-037,2024-08,41
SKU-037,2024-09,40
SKU-037,2024-10,38
SKU-037,2024-11,49
SKU-037,2024-12,51
SKU-038,2023-01,23
SKU-038,2023-02,32
SKU-038,2023-03,20
SKU-038,2023-04,30
SKU-038,2023-05,23
SKU-038,2023-06,53
SKU-038,2023-07,38
SKU-038,2023-08,31
SKU-038,2023-09,49
SKU-038,2023-10,4
SKU-038,2023-11,5
SKU-038,2023-12,45
SKU-038,2024-01,28
SKU-038,2024-02,30
SKU-038,2024-03,11
SKU-038,2024-04,29
SKU-038,2024-05,57
SKU-038,2024-06,43
SKU-038,2024-07,36
SKU-038,2024-08,29
SKU-038,2024-09,28
SKU-038,2024-10,4
SKU-038,2024-11,34
SKU-038,2024-12,45
SKU-039,2023-01,11
SKU-039,2023-02,7
SKU-039,2023-03,9
SKU-039,2023-04,18
SKU-039,2023-05,2
SKU-039,2023-06,24
SKU-039,2023-07,26
SKU-039,2023-08,19
SKU-039,2023-09,0
SKU-039,2023-10,11
SKU-039,2023-11,29
SKU-039,2023-12,0
SKU-039,2024-01,14
SKU-039,2024-02,7
SKU-039,2024-03,23
SKU-039,2024-04,12
SKU-039,2024-05,22
SKU-039,2024-06,24
SKU-039,2024-07,35
SKU-039,2024-08,19
SKU-039,2024-09,23
SKU-039,2024-10,8
SKU-039,2024-11,28
SKU-039,2024-12,15
SKU-040,2023-01,21
SKU-040,2023-02,27
SKU-040,2023-03,8
SKU-040,2023-04,33
SKU-040,2023-05,45
SKU-040,2023-06,37
SKU-040,2023-07,13
SKU-040,2023-08,34
SKU-040,2023-09,44
SKU-040,2023-10,8
SKU-040,2023-11,18
SKU-040,2023-12,47
SKU-040,2024-01,32
SKU-040,2024-02,33
SKU-040,2024-03,54
SKU-040,2024-04,37
SKU-040,2024-05,40
SKU-040,2024-06,70
SKU-040,2024-07,32
SKU-040,2024-08,25
SKU-040,2024-09,40
SKU-040,2024-10,39
SKU-040,2024-11,25
SKU-040,2024-12,21
SKU-041,2023-01,0
SKU-041,2023-02,13
SKU-041,2023-03,14
SKU-041,2023-04,41
SKU-041,2023-05,44
SKU-041,2023-06,21
SKU-041,2023-07,27
SKU-041,2023-08,38
SKU-041,2023-09,58
SKU-041,2023-10,18
SKU-041,2023-11,62
SKU-041,2023-12,57
SKU-041,2024-01,45
SKU-041,2024-02,12
SKU-041,2024-03,14
SKU-041,2024-04,28
SKU-041,2024-05,60
SKU-041,2024-06,0
SKU-041,2024-07,23
SKU-041,2024-08,23
SKU-041,2024-09,0
SKU-041,2024-10,25
SKU-041,2024-11,63
SKU-041,2024-12,13
SKU-042,2023-01,47
SKU-042,2023-02,12
SKU-042,2023-03,25
SKU-042,2023-04,12
SKU-042,2023-05,6
SKU-042,2023-06,29
SKU-042,2023-07,69
SKU-042,2023-08,52
SKU-042,2023-09,89
SKU-042,2023-10,74
SKU-042,2023-11,10
SKU-042,2023-12,37
SKU-042,2024-01,49
SKU-042,2024-02,36
SKU-042,2024-03,39
SKU-042,2024-04,22
SKU-042,2024-05,44
SKU-042,2024-06,58
SKU-042,2024-07,43
SKU-042,2024-08,0
SKU-042,2024-09,34
SKU-042,2024-10,0
SKU-042,2024-11,51
SKU-042,2024-12,37
SKU-043,2023-01,12
SKU-043,2023-02,44
SKU-043,2023-03,20
SKU-043,2023-04,22
SKU-043,2023-05,42
SKU-043,2023-06,67
SKU-043,2023-07,75
SKU-043,2023-08,67
SKU-043,2023-09,55
SKU-043,2023-10,39
SKU-043,2023-11,42
SKU-043,2023-12,12
SKU-043,2024-01,2
SKU-043,2024-02,37
SKU-043,2024-03,14
SKU-043,2024-04,36
SKU-043,2024-05,51
SKU-043,2024-06,46
SKU-043,2024-07,24
SKU-043,2024-08,36
SKU-043,2024-09,56
SKU-043,2024-10,28
SKU-043,2024-11,34
SKU-043,2024-12,11
SKU-044,2023-01,1
SKU-044,2023-02,25
SKU-044,2023-03,28
SKU-044,2023-04,45
SKU-044,2023-05,16
SKU-044,2023-06,35
SKU-044,2023-07,11
SKU-044,2023-08,0
SKU-044,2023-09,68
SKU-044,2023-10,18
SKU-044,2023-11,37
SKU-044,2023-12,0
SKU-044,2024-01,23
SKU-044,2024-02,18
SKU-044,2024-03,20
SKU-044,2024-04,26
SKU-044,2024-05,37
SKU-044,2024-06,43
SKU-044,2024-07,0
SKU-044,2024-08,37
SKU-044,2024-09,45
SKU-044,2024-10,71
SKU-044,2024-11,26
SKU-044,2024-12,32
SKU-045,2023-01,53
SKU-045,2023-02,19
SKU-045,2023-03,26
SKU-045,2023-04,8
SKU-045,2023-05,24
SKU-045,2023-06,4
SKU-045,2023-07,47
SKU-045,2023-08,38
SKU-045,2023-09,27
SKU-045,2023-10,41
SKU-045,2023-11,49
SKU-045,2023-12,22
SKU-045,2024-01,5
SKU-045,2024-02,45
SKU-045,2024-03,0
SKU-045,2024-04,13
SKU-045,2024-05,39
SKU-045,2024-06,25
SKU-045,2024-07,22
SKU-045,2024-08,60
SKU-045,2024-09,14
SKU-045,2024-10,33
SKU-045,2024-11,0
SKU-045,2024-12,39
SKU-046,2023-01,10
SKU-046,2023-02,11
SKU-046,2023-03,10
SKU-046,2023-04,10
SKU-046,2023-05,14
SKU-046,2023-06,13
SKU-046,2023-07,17
SKU-046,2023-08,18
SKU-046,2023-09,17
SKU-046,2023-10,16
SKU-046,2023-11,19
SKU-046,2023-12,13
SKU-046,2024-01,13
SKU-046,2024-02,16
SKU-046,2024-03,17
SKU-046,2024-04,10
SKU-046,2024-05,14
SKU-046,2024-06,19
SKU-046,2024-07,17
SKU-046,2024-08,17
SKU-046,2024-09,15
SKU-046,2024-10,14
SKU-046,2024-11,16
SKU-046,2024-12,16
SKU-047,2023-01,8
SKU-047,2023-02,6
SKU-047,2023-03,9
SKU-047,2023-04,13
SKU-047,2023-05,6
SKU-047,2023-06,9
SKU-047,2023-07,8
SKU-047,2023-08,11
SKU-047,2023-09,9
SKU-047,2023-10,10
SKU-047,2023-11,11
SKU-047,2023-12,10
SKU-047,2024-01,9
SKU-047,2024-02,4
SKU-047,2024-03,10
SKU-047,2024-04,9
SKU-047,2024-05,10
SKU-047,2024-06,7
SKU-047,2024-07,8
SKU-047,2024-08,10
SKU-047,2024-09,9
SKU-047,2024-10,9
SKU-047,2024-11,10
SKU-047,2024-12,7
SKU-048,2023-01,11
SKU-048,2023-02,9
SKU-048,2023-03,9
SKU-048,2023-04,7
SKU-048,2023-05,11
SKU-048,2023-06,6
SKU-048,2023-07,13
SKU-048,2023-08,9
SKU-048,2023-09,11
SKU-048,2023-10,11
SKU-048,2023-11,13
SKU-048,2023-12,11
SKU-048,2024-01,8
SKU-048,2024-02,8
SKU-048,2024-03,12
SKU-048,2024-04,11
SKU-048,2024-05,10
SKU-048,2024-06,11
SKU-048,2024-07,8
SKU-048,2024-08,13
SKU-048,2024-09,8
SKU-048,2024-10,13
SKU-048,2024-11,11
SKU-048,2024-12,17
SKU-049,2023-01,10
SKU-049,2023-02,14
SKU-049,2023-03,13
SKU-049,2023-04,10
SKU-049,2023-05,12
SKU-049,2023-06,12
SKU-049,2023-07,13
SKU-049,2023-08,11
SKU-049,2023-09,12
SKU-049,2023-10,9
SKU-049,2023-11,12
SKU-049,2023-12,14
SKU-049,2024-01,10
SKU-049,2024-02,7
SKU-049,2024-03,13
SKU-049,2024-04,12
SKU-049,2024-05,10
SKU-049,2024-06,11
SKU-049,2024-07,9
SKU-049,2024-08,11
SKU-049,2024-09,11
SKU-049,2024-10,15
SKU-049,2024-11,10
SKU-049,2024-12,14
SKU-050,2023-01,8
SKU-050,2023-02,10
SKU-050,2023-03,9
SKU-050,2023-04,12
SKU-050,2023-05,9
SKU-050,2023-06,8
SKU-050,2023-07,9
SKU-050,2023-08,11
SKU-050,2023-09,9
SKU-050,2023-10,12
SKU-050,2023-11,10
SKU-050,2023-12,17
SKU-050,2024-01,6
SKU-050,2024-02,10
SKU-050,2024-03,7
SKU-050,2024-04,9
SKU-050,2024-05,11
SKU-050,2024-06,6
SKU-050,2024-07,12
SKU-050,2024-08,16
SKU-050,2024-09,10
SKU-050,2024-10,12
SKU-050,2024-11,13
SKU-050,2024-12,11
SKU-051,2023-01,0
SKU-051,2023-02,13
SKU-051,2023-03,9
SKU-051,2023-04,5
SKU-051,2023-05,11
SKU-051,2023-06,8
SKU-051,2023-07,9
SKU-051,2023-08,15
SKU-051,2023-09,4
SKU-051,2023-10,17
SKU-051,2023-11,3
SKU-051,2023-12,8
SKU-051,2024-01,20
SKU-051,2024-02,15
SKU-051,2024-03,10
SKU-051,2024-04,5
SKU-051,2024-05,8
SKU-051,2024-06,11
SKU-051,2024-07,12
SKU-051,2024-08,11
SKU-051,2024-09,11
SKU-051,2024-10,10
SKU-051,2024-11,3
SKU-051,2024-12,9
SKU-052,2023-01,13
SKU-052,2023-02,2
SKU-052,2023-03,8
SKU-052,2023-04,5
SKU-052,2023-05,10
SKU-052,2023-06,8
SKU-052,2023-07,18
SKU-052,2023-08,13
SKU-052,2023-09,4
SKU-052,2023-10,13
SKU-052,2023-11,6
SKU-052,2023-12,8
SKU-052,2024-01,10
SKU-052,2024-02,6
SKU-052,2024-03,13
SKU-052,2024-04,5
SKU-052,2024-05,7
SKU-052,2024-06,7
SKU-052,2024-07,8
SKU-052,2024-08,16
SKU-052,2024-09,13
SKU-052,2024-10,18
SKU-052,2024-11,21
SKU-052,2024-12,6
SKU-053,2023-01,3
SKU-053,2023-02,5
SKU-053,2023-03,6
SKU-053,2023-04,4
SKU-053,2023-05,5
SKU-053,2023-06,10
SKU-053,2023-07,5
SKU-053,2023-08,16
SKU-053,2023-09,7
SKU-053,2023-10,26
SKU-053,2023-11,8
SKU-053,2023-12,12
SKU-053,2024-01,3
SKU-053,2024-02,18
SKU-053,2024-03,16
SKU-053,2024-04,12
SKU-053,2024-05,3
SKU-053,2024-06,12
SKU-053,2024-07,6
SKU-053,2024-08,20
SKU-053,2024-09,16
SKU-053,2024-10,12
SKU-053,2024-11,0
SKU-053,2024-12,7
SKU-054,2023-01,7
SKU-054,2023-02,8
SKU-054,2023-03,8
SKU-054,2023-04,1
SKU-054,2023-05,6
SKU-054,2023-06,9
SKU-054,2023-07,1
SKU-054,2023-08,6
SKU-054,2023-09,7
SKU-054,2023-10,5
SKU-054,2023-11,0
SKU-054,2023-12,5
SKU-054,2024-01,4
SKU-054,2024-02,4
SKU-054,2024-03,3
SKU-054,2024-04,4
SKU-054,2024-05,5
SKU-054,2024-06,7
SKU-054,2024-07,5
SKU-054,2024-08,5
SKU-054,2024-09,6
SKU-054,2024-10,0
SKU-054,2024-11,7
SKU-054,2024-12,6
SKU-055,2023-01,8
SKU-055,2023-02,0
SKU-055,2023-03,0
SKU-055,2023-04,6
SKU-055,2023-05,5
SKU-055,2023-06,6
SKU-055,2023-07,5
SKU-055,2023-08,8
SKU-055,2023-09,9
SKU-055,2023-10,7
SKU-055,2023-11,5
SKU-055,2023-12,0
SKU-055,2024-01,7
SKU-055,2024-02,8
SKU-055,2024-03,7
SKU-055,2024-04,3
SKU-055,2024-05,7
SKU-055,2024-06,8
SKU-055,2024-07,11
SKU-055,2024-08,4
SKU-055,2024-09,5
SKU-055,2024-10,8
SKU-055,2024-11,6
SKU-055,2024-12,3
SKU-056,2023-01,10
SKU-056,2023-02,11
SKU-056,2023-03,9
SKU-056,2023-04,10
SKU-056,2023-05,8
SKU-056,2023-06,17
SKU-056,2023-07,6
SKU-056,2023-08,8
SKU-056,2023-09,10
SKU-056,2023-10,14
SKU-056,2023-11,3
SKU-056,2023-12,4
SKU-056,2024-01,0
SKU-056,2024-02,8
SKU-056,2024-03,3
SKU-056,2024-04,7
SKU-056,2024-05,13
SKU-056,2024-06,7
SKU-056,2024-07,12
SKU-056,2024-08,9
SKU-056,2024-09,14
SKU-056,2024-10,12
SKU-056,2024-11,6
SKU-056,2024-12,10
SKU-057,2023-01,6
SKU-057,2023-02,1
SKU-057,2023-03,7
SKU-057,2023-04,2
SKU-057,2023-05,10
SKU-057,2023-06,9
SKU-057,2023-07,7
SKU-057,2023-08,7
SKU-057,2023-09,5
SKU-057,2023-10,8
SKU-057,2023-11,5
SKU-057,2023-12,7
SKU-057,2024-01,7
SKU-057,2024-02,3
SKU-057,2024-03,3
SKU-057,2024-04,2
SKU-057,2024-05,2
SKU-057,2024-06,1
SKU-057,2024-07,8
SKU-057,2024-08,11
SKU-057,2024-09,10
SKU-057,2024-10,1
SKU-057,2024-11,8
SKU-057,2024-12,10
SKU-058,2023-01,7
SKU-058,2023-02,10
SKU-058,2023-03,0
SKU-058,2023-04,11
SKU-058,2023-05,5
SKU-058,2023-06,12
SKU-058,2023-07,3
SKU-058,2023-08,15
SKU-058,2023-09,17
SKU-058,2023-10,7
SKU-058,2023-11,5
SKU-058,2023-12,0
SKU-058,2024-01,8
SKU-058,2024-02,6
SKU-058,2024-03,1
SKU-058,2024-04,12
SKU-058,2024-05,8
SKU-058,2024-06,5
SKU-058,2024-07,9
SKU-058,2024-08,17
SKU-058,2024-09,15
SKU-058,2024-10,10
SKU-058,2024-11,14
SKU-058,2024-12,6
SKU-059,2023-01,8
SKU-059,2023-02,5
SKU-059,2023-03,10
SKU-059,2023-04,5
SKU-059,2023-05,11
SKU-059,2023-06,11
SKU-059,2023-07,0
SKU-059,2023-08,15
SKU-059,2023-09,0
SKU-059,2023-10,6
SKU-059,2023-11,13
SKU-059,2023-12,8
SKU-059,2024-01,1
SKU-059,2024-02,3
SKU-059,2024-03,12
SKU-059,2024-04,0
SKU-059,2024-05,13
SKU-059,2024-06,9
SKU-059,2024-07,4
SKU-059,2024-08,7
SKU-059,2024-09,5
SKU-059,2024-10,13
SKU-059,2024-11,12
SKU-059,2024-12,2
SKU-060,2023-01,4
SKU-060,2023-02,2
SKU-060,2023-03,9
SKU-060,2023-04,1
SKU-060,2023-05,10
SKU-060,2023-06,6
SKU-060,2023-07,3
SKU-060,2023-08,4
SKU-060,2023-09,4
SKU-060,2023-10,2
SKU-060,2023-11,6
SKU-060,2023-12,3
SKU-060,2024-01,0
SKU-060,2024-02,4
SKU-060,2024-03,0
SKU-060,2024-04,3
SKU-060,2024-05,3
SKU-060,2024-06,3
SKU-060,2024-07,12
SKU-060,2024-08,6
SKU-060,2024-09,7
SKU-060,2024-10,1
SKU-060,2024-11,4
SKU-060,2024-12,7
SKU-061,2023-01,9
SKU-061,2023-02,2
SKU-061,2023-03,5
SKU-061,2023-04,4
SKU-061,2023-05,7
SKU-061,2023-06,5
SKU-061,2023-07,6
SKU-061,2023-08,7
SKU-061,2023-09,5
SKU-061,2023-10,8
SKU-061,2023-11,7
SKU-061,2023-12,7
SKU-061,2024-01,4
SKU-061,2024-02,8
SKU-061,2024-03,5
SKU-061,2024-04,5
SKU-061,2024-05,7
SKU-061,2024-06,13
SKU-061,2024-07,3
SKU-061,2024-08,10
SKU-061,2024-09,1
SKU-061,2024-10,8
SKU-061,2024-11,12
SKU-061,2024-12,9
SKU-062,2023-01,10
SKU-062,2023-02,6
SKU-062,2023-03,10
SKU-062,2023-04,9
SKU-062,2023-05,6
SKU-062,2023-06,10
SKU-062,2023-07,13
SKU-062,2023-08,8
SKU-062,2023-09,7
SKU-062,2023-10,4
SKU-062,2023-11,13
SKU-062,2023-12,15
SKU-062,2024-01,11
SKU-062,2024-02,14
SKU-062,2024-03,10
SKU-062,2024-04,12
SKU-062,2024-05,12
SKU-062,2024-06,11
SKU-062,2024-07,9
SKU-062,2024-08,24
SKU-062,2024-09,9
SKU-062,2024-10,8
SKU-062,2024-11,13
SKU-062,2024-12,13
SKU-063,2023-01,14
SKU-063,2023-02,8
SKU-063,2023-03,3
SKU-063,2023-04,15
SKU-063,2023-05,13
SKU-063,2023-06,4
SKU-063,2023-07,19
SKU-063,2023-08,14
SKU-063,2023-09,10
SKU-063,2023-10,18
SKU-063,2023-11,10
SKU-063,2023-12,11
SKU-063,2024-01,5
SKU-063,2024-02,11
SKU-063,2024-03,11
SKU-063,2024-04,9
SKU-063,2024-05,6
SKU-063,2024-06,11
SKU-063,2024-07,10
SKU-063,2024-08,4
SKU-063,2024-09,3
SKU-063,2024-10,13
SKU-063,2024-11,0
SKU-063,2024-12,12
SKU-064,2023-01,5
SKU-064,2023-02,12
SKU-064,2023-03,5
SKU-064,2023-04,10
SKU-064,2023-05,6
SKU-064,2023-06,8
SKU-064,2023-07,11
SKU-064,2023-08,7
SKU-064,2023-09,12
SKU-064,2023-10,4
SKU-064,2023-11,9
SKU-064,2023-12,12
SKU-064,2024-01,9
SKU-064,2024-02,14
SKU-064,2024-03,4
SKU-064,2024-04,2
SKU-064,2024-05,4
SKU-064,2024-06,10
SKU-064,2024-07,10
SKU-064,2024-08,9
SKU-064,2024-09,4
SKU-064,2024-10,11
SKU-064,2024-11,3
SKU-064,2024-12,13
SKU-065,2023-01,11
SKU-065,2023-02,12
SKU-065,2023-03,7
SKU-065,2023-04,1
SKU-065,2023-05,7
SKU-065,2023-06,5
SKU-065,2023-07,4
SKU-065,2023-08,21
SKU-065,2023-09,13
SKU-065,2023-10,13
SKU-065,2023-11,9
SKU-065,2023-12,11
SKU-065,2024-01,14
SKU-065,2024-02,9
SKU-065,2024-03,12
SKU-065,2024-04,9
SKU-065,2024-05,9
SKU-065,2024-06,4
SKU-065,2024-07,1
SKU-065,2024-08,10
SKU-065,2024-09,12
SKU-065,2024-10,4
SKU-065,2024-11,11
SKU-065,2024-12,12
SKU-066,2023-01,0
SKU-066,2023-02,3
SKU-066,2023-03,7
SKU-066,2023-04,8
SKU-066,2023-05,3
SKU-066,2023-06,7
SKU-066,2023-07,11
SKU-066,2023-08,10
SKU-066,2023-09,7
SKU-066,2023-10,5
SKU-066,2023-11,5
SKU-066,2023-12,9
SKU-066,2024-01,6
SKU-066,2024-02,8
SKU-066,2024-03,6
SKU-066,2024-04,9
SKU-066,2024-05,7
SKU-066,2024-06,9
SKU-066,2024-07,10
SKU-066,2024-08,5
SKU-066,2024-09,1
SKU-066,2024-10,12
SKU-066,2024-11,8
SKU-066,2024-12,2
SKU-067,2023-01,8
SKU-067,2023-02,5
SKU-067,2023-03,4
SKU-067,2023-04,11
SKU-067,2023-05,3
SKU-067,2023-06,4
SKU-067,2023-07,8
SKU-067,2023-08,9
SKU-067,2023-09,9
SKU-067,2023-10,10
SKU-067,2023-11,7
SKU-067,2023-12,9
SKU-067,2024-01,5
SKU-067,2024-02,6
SKU-067,2024-03,6
SKU-067,2024-04,7
SKU-067,2024-05,9
SKU-067,2024-06,9
SKU-067,2024-07,7
SKU-067,2024-08,5
SKU-067,2024-09,7
SKU-067,2024-10,7
SKU-067,2024-11,7
SKU-067,2024-12,15
SKU-068,2023-01,5
SKU-068,2023-02,9
SKU-068,2023-03,12
SKU-068,2023-04,9
SKU-068,2023-05,19
SKU-068,2023-06,7
SKU-068,2023-07,11
SKU-068,2023-08,6
SKU-068,2023-09,8
SKU-068,2023-10,10
SKU-068,2023-11,12
SKU-068,2023-12,11
SKU-068,2024-01,13
SKU-068,2024-02,7
SKU-068,2024-03,6
SKU-068,2024-04,20
SKU-068,2024-05,10
SKU-068,2024-06,6
SKU-068,2024-07,6
SKU-068,2024-08,6
SKU-068,2024-09,13
SKU-068,2024-10,7
SKU-068,2024-11,9
SKU-068,2024-12,9
SKU-069,2023-01,2
SKU-069,2023-02,2
SKU-069,2023-03,6
SKU-069,2023-04,7
SKU-069,2023-05,6
SKU-069,2023-06,3
SKU-069,2023-07,8
SKU-069,2023-08,4
SKU-069,2023-09,4
SKU-069,2023-10,3
SKU-069,2023-11,9
SKU-069,2023-12,8
SKU-069,2024-01,7
SKU-069,2024-02,8
SKU-069,2024-03,13
SKU-069,2024-04,0
SKU-069,2024-05,3
SKU-069,2024-06,4
SKU-069,2024-07,4
SKU-069,2024-08,3
SKU-069,2024-09,5
SKU-069,2024-10,2
SKU-069,2024-11,7
SKU-069,2024-12,6
SKU-070,2023-01,10
SKU-070,2023-02,10
SKU-070,2023-03,10
SKU-070,2023-04,7
SKU-070,2023-05,18
SKU-070,2023-06,10
SKU-070,2023-07,1
SKU-070,2023-08,5
SKU-070,2023-09,2
SKU-070,2023-10,9
SKU-070,2023-11,8
SKU-070,2023-12,8
SKU-070,2024-01,16
SKU-070,2024-02,10
SKU-070,2024-03,11
SKU-070,2024-04,4
SKU-070,2024-05,4
SKU-070,2024-06,9
SKU-070,2024-07,10
SKU-070,2024-08,2
SKU-070,2024-09,8
SKU-070,2024-10,9
SKU-070,2024-11,8
SKU-070,2024-12,6
SKU-071,2023-01,8
SKU-071,2023-02,9
SKU-071,2023-03,12
SKU-071,2023-04,14
SKU-071,2023-05,8
SKU-071,2023-06,8
SKU-071,2023-07,13
SKU-071,2023-08,14
SKU-071,2023-09,8
SKU-071,2023-10,14
SKU-071,2023-11,14
SKU-071,2023-12,17
SKU-071,2024-01,17
SKU-071,2024-02,4
SKU-071,2024-03,9
SKU-071,2024-04,9
SKU-071,2024-05,9
SKU-071,2024-06,7
SKU-071,2024-07,3
SKU-071,2024-08,11
SKU-071,2024-09,7
SKU-071,2024-10,10
SKU-071,2024-11,6
SKU-071,2024-12,5
SKU-072,2023-01,9
SKU-072,2023-02,8
SKU-072,2023-03,10
SKU-072,2023-04,18
SKU-072,2023-05,10
SKU-072,2023-06,11
SKU-072,2023-07,5
SKU-072,2023-08,4
SKU-072,2023-09,16
SKU-072,2023-10,5
SKU-072,2023-11,4
SKU-072,2023-12,9
SKU-072,2024-01,7
SKU-072,2024-02,4
SKU-072,2024-03,6
SKU-072,2024-04,13
SKU-072,2024-05,5
SKU-072,2024-06,3
SKU-072,2024-07,13
SKU-072,2024-08,12
SKU-072,2024-09,7
SKU-072,2024-10,2
SKU-072,2024-11,5
SKU-072,2024-12,9
SKU-073,2023-01,4
SKU-073,2023-02,9
SKU-073,2023-03,13
SKU-073,2023-04,0
SKU-073,2023-05,16
SKU-073,2023-06,5
SKU-073,2023-07,13
SKU-073,2023-08,13
SKU-073,2023-09,17
SKU-073,2023-10,14
SKU-073,2023-11,0
SKU-073,2023-12,8
SKU-073,2024-01,10
SKU-073,2024-02,8
SKU-073,2024-03,12
SKU-073,2024-04,14
SKU-073,2024-05,14
SKU-073,2024-06,10
SKU-073,2024-07,2
SKU-073,2024-08,9
SKU-073,2024-09,14
SKU-073,2024-10,5
SKU-073,2024-11,14
SKU-073,2024-12,17
SKU-074,2023-01,9
SKU-074,2023-02,0
SKU-074,2023-03,3
SKU-074,2023-04,18
SKU-074,2023-05,7
SKU-074,2023-06,0
SKU-074,2023-07,16
SKU-074,2023-08,11
SKU-074,2023-09,16
SKU-074,2023-10,11
SKU-074,2023-11,12
SKU-074,2023-12,12
SKU-074,2024-01,12
SKU-074,2024-02,19
SKU-074,2024-03,13
SKU-074,2024-04,2
SKU-074,2024-05,12
SKU-074,2024-06,15
SKU-074,2024-07,16
SKU-074,2024-08,9
SKU-074,2024-09,16
SKU-074,2024-10,14
SKU-074,2024-11,22
SKU-074,2024-12,7
SKU-075,2023-01,4
SKU-075,2023-02,3
SKU-075,2023-03,2
SKU-075,2023-04,0
SKU-075,2023-05,4
SKU-075,2023-06,7
SKU-075,2023-07,5
SKU-075,2023-08,12
SKU-075,2023-09,6
SKU-075,2023-10,10
SKU-075,2023-11,6
SKU-075,2023-12,9
SKU-075,2024-01,6
SKU-075,2024-02,9
SKU-075,2024-03,5
SKU-075,2024-04,7
SKU-075,2024-05,7
SKU-075,2024-06,5
SKU-075,2024-07,7
SKU-075,2024-08,13
SKU-075,2024-09,5
SKU-075,2024-10,7
SKU-075,2024-11,9
SKU-075,2024-12,10
SKU-076,2023-01,0
SKU-076,2023-02,0
SKU-076,2023-03,4
SKU-076,2023-04,2
SKU-076,2023-05,3
SKU-076,2023-06,0
SKU-076,2023-07,14
SKU-076,2023-08,4
SKU-076,2023-09,5
SKU-076,2023-10,0
SKU-076,2023-11,3
SKU-076,2023-12,7
SKU-076,2024-01,6
SKU-076,2024-02,5
SKU-076,2024-03,5
SKU-076,2024-04,3
SKU-076,2024-05,2
SKU-076,2024-06,6
SKU-076,2024-07,12
SKU-076,2024-08,7
SKU-076,2024-09,12
SKU-076,2024-10,4
SKU-076,2024-11,1
SKU-076,2024-12,4
SKU-077,2023-01,9
SKU-077,2023-02,0
SKU-077,2023-03,0
SKU-077,2023-04,4
SKU-077,2023-05,8
SKU-077,2023-06,3
SKU-077,2023-07,4
SKU-077,2023-08,7
SKU-077,2023-09,3
SKU-077,2023-10,9
SKU-077,2023-11,3
SKU-077,2023-12,1
SKU-077,2024-01,0
SKU-077,2024-02,5
SKU-077,2024-03,7
SKU-077,2024-04,2
SKU-077,2024-05,6
SKU-077,2024-06,0
SKU-077,2024-07,1
SKU-077,2024-08,5
SKU-077,2024-09,6
SKU-077,2024-10,0
SKU-077,2024-11,10
SKU-077,2024-12,3
SKU-078,2023-01,0
SKU-078,2023-02,4
SKU-078,2023-03,1
SKU-078,2023-04,5
SKU-078,2023-05,1
SKU-078,2023-06,9
SKU-078,2023-07,4
SKU-078,2023-08,7
SKU-078,2023-09,3
SKU-078,2023-10,0
SKU-078,2023-11,8
SKU-078,2023-12,1
SKU-078,2024-01,7
SKU-078,2024-02,6
SKU-078,2024-03,13
SKU-078,2024-04,0
SKU-078,2024-05,9
SKU-078,2024-06,1
SKU-078,2024-07,5
SKU-078,2024-08,5
SKU-078,2024-09,2
SKU-078,2024-10,0
SKU-078,2024-11,0
SKU-078,2024-12,0
SKU-079,2023-01,1
SKU-079,2023-02,9
SKU-079,2023-03,5
SKU-079,2023-04,4
SKU-079,2023-05,7
SKU-079,2023-06,0
SKU-079,2023-07,13
SKU-079,2023-08,10
SKU-079,2023-09,9
SKU-079,2023-10,5
SKU-079,2023-11,7
SKU-079,2023-12,13
SKU-079,2024-01,4
SKU-079,2024-02,8
SKU-079,2024-03,6
SKU-079,2024-04,9
SKU-079,2024-05,6
SKU-079,2024-06,9
SKU-079,2024-07,12
SKU-079,2024-08,9
SKU-079,2024-09,7
SKU-079,2024-10,16
SKU-079,2024-11,11
SKU-079,2024-12,3
SKU-080,2023-01,2
SKU-080,2023-02,9
SKU-080,2023-03,5
SKU-080,2023-04,10
SKU-080,2023-05,5
SKU-080,2023-06,8
SKU-080,2023-07,16
SKU-080,2023-08,2
SKU-080,2023-09,9
SKU-080,2023-10,7
SKU-080,2023-11,5
SKU-080,2023-12,9
SKU-080,2024-01,0
SKU-080,2024-02,1
SKU-080,2024-03,6
SKU-080,2024-04,10
SKU-080,2024-05,10
SKU-080,2024-06,6
SKU-080,2024-07,10
SKU-080,2024-08,5
SKU-080,2024-09,4
SKU-080,2024-10,0
SKU-080,2024-11,6
SKU-080,2024-12,9
SKU-081,2023-01,8
SKU-081,2023-02,12
SKU-081,2023-03,7
SKU-081,2023-04,6
SKU-081,2023-05,0
SKU-081,2023-06,12
SKU-081,2023-07,7
SKU-081,2023-08,9
SKU-081,2023-09,3
SKU-081,2023-10,10
SKU-081,2023-11,4
SKU-081,2023-12,8
SKU-081,2024-01,7
SKU-081,2024-02,3
SKU-081,2024-03,8
SKU-081,2024-04,3
SKU-081,2024-05,11
SKU-081,2024-06,2
SKU-081,2024-07,10
SKU-081,2024-08,0
SKU-081,2024-09,0
SKU-081,2024-10,8
SKU-081,2024-11,9
SKU-081,2024-12,2
SKU-082,2023-01,14
SKU-082,2023-02,0
SKU-082,2023-03,4
SKU-082,2023-04,0
SKU-082,2023-05,7
SKU-082,2023-06,3
SKU-082,2023-07,7
SKU-082,2023-08,18
SKU-082,2023-09,0
SKU-082,2023-10,11
SKU-082,2023-11,0
SKU-082,2023-12,5
SKU-082,2024-01,10
SKU-082,2024-02,15
SKU-082,2024-03,13
SKU-082,2024-04,8
SKU-082,2024-05,8
SKU-082,2024-06,12
SKU-082,2024-07,1
SKU-082,2024-08,17
SKU-082,2024-09,20
SKU-082,2024-10,4
SKU-082,2024-11,7
SKU-082,2024-12,5
SKU-083,2023-01,2
SKU-083,2023-02,7
SKU-083,2023-03,3
SKU-083,2023-04,3
SKU-083,2023-05,2
SKU-083,2023-06,4
SKU-083,2023-07,0
SKU-083,2023-08,7
SKU-083,2023-09,5
SKU-083,2023-10,1
SKU-083,2023-11,3
SKU-083,2023-12,9
SKU-083,2024-01,0
SKU-083,2024-02,9
SKU-083,2024-03,8
SKU-083,2024-04,1
SKU-083,2024-05,0
SKU-083,2024-06,4
SKU-083,2024-07,2
SKU-083,2024-08,1
SKU-083,2024-09,10
SKU-083,2024-10,7
SKU-083,2024-11,5
SKU-083,2024-12,10
SKU-084,2023-01,8
SKU-084,2023-02,11
SKU-084,2023-03,10
SKU-084,2023-04,13
SKU-084,2023-05,10
SKU-084,2023-06,1
SKU-084,2023-07,5
SKU-084,2023-08,8
SKU-084,2023-09,8
SKU-084,2023-10,3
SKU-084,2023-11,0
SKU-084,2023-12,7
SKU-084,2024-01,2
SKU-084,2024-02,13
SKU-084,2024-03,0
SKU-084,2024-04,20
SKU-084,2024-05,7
SKU-084,2024-06,1
SKU-084,2024-07,22
SKU-084,2024-08,3
SKU-084,2024-09,4
SKU-084,2024-10,9
SKU-084,2024-11,14
SKU-084,2024-12,2
SKU-085,2023-01,6
SKU-085,2023-02,0
SKU-085,2023-03,5
SKU-085,2023-04,5
SKU-085,2023-05,4
SKU-085,2023-06,0
SKU-085,2023-07,6
SKU-085,2023-08,2
SKU-085,2023-09,1
SKU-085,2023-10,4
SKU-085,2023-11,6
SKU-085,2023-12,5
SKU-085,2024-01,3
SKU-085,2024-02,4
SKU-085,2024-03,6
SKU-085,2024-04,7
SKU-085,2024-05,3
SKU-085,2024-06,3
SKU-085,2024-07,6
SKU-085,2024-08,2
SKU-085,2024-09,10
SKU-085,2024-10,3
SKU-085,2024-11,8
SKU-085,2024-12,4
SKU-086,2023-01,4
SKU-086,2023-02,1
SKU-086,2023-03,10
SKU-086,2023-04,1
SKU-086,2023-05,12
SKU-086,2023-06,0
SKU-086,2023-07,0
SKU-086,2023-08,2
SKU-086,2023-09,3
SKU-086,2023-10,0
SKU-086,2023-11,6
SKU-086,2023-12,9
SKU-086,2024-01,4
SKU-086,2024-02,5
SKU-086,2024-03,2
SKU-086,2024-04,20
SKU-086,2024-05,20
SKU-086,2024-06,7
SKU-086,2024-07,0
SKU-086,2024-08,6
SKU-086,2024-09,13
SKU-086,2024-10,13
SKU-086,2024-11,14
SKU-086,2024-12,5
SKU-087,2023-01,4
SKU-087,2023-02,8
SKU-087,2023-03,4
SKU-087,2023-04,8
SKU-087,2023-05,0
SKU-087,2023-06,10
SKU-087,2023-07,1
SKU-087,2023-08,0
SKU-087,2023-09,4
SKU-087,2023-10,0
SKU-087,2023-11,8
SKU-087,2023-12,7
SKU-087,2024-01,0
SKU-087,2024-02,0
SKU-087,2024-03,3
SKU-087,2024-04,4
SKU-087,2024-05,5
SKU-087,2024-06,5
SKU-087,2024-07,7
SKU-087,2024-08,10
SKU-087,2024-09,4
SKU-087,2024-10,1
SKU-087,2024-11,2
SKU-087,2024-12,2
SKU-088,2023-01,0
SKU-088,2023-02,4
SKU-088,2023-03,5
SKU-088,2023-04,0
SKU-088,2023-05,1
SKU-088,2023-06,10
SKU-088,2023-07,4
SKU-088,2023-08,6
SKU-088,2023-09,1
SKU-088,2023-10,5
SKU-088,2023-11,7
SKU-088,2023-12,8
SKU-088,2024-01,7
SKU-088,2024-02,0
SKU-088,2024-03,0
SKU-088,2024-04,0
SKU-088,2024-05,5
SKU-088,2024-06,7
SKU-088,2024-07,1
SKU-088,2024-08,4
SKU-088,2024-09,15
SKU-088,2024-10,6
SKU-088,2024-11,0
SKU-088,2024-12,0
SKU-089,2023-01,6
SKU-089,2023-02,5
SKU-089,2023-03,9
SKU-089,2023-04,8
SKU-089,2023-05,11
SKU-089,2023-06,4
SKU-089,2023-07,2
SKU-089,2023-08,0
SKU-089,2023-09,8
SKU-089,2023-10,3
SKU-089,2023-11,4
SKU-089,2023-12,6
SKU-089,2024-01,1
SKU-089,2024-02,8
SKU-089,2024-03,14
SKU-089,2024-04,5
SKU-089,2024-05,6
SKU-089,2024-06,10
SKU-089,2024-07,2
SKU-089,2024-08,5
SKU-089,2024-09,3
SKU-089,2024-10,1
SKU-089,2024-11,3
SKU-089,2024-12,11
SKU-090,2023-01,8
SKU-090,2023-02,8
SKU-090,2023-03,10
SKU-090,2023-04,17
SKU-090,2023-05,2
SKU-090,2023-06,11
SKU-090,2023-07,4
SKU-090,2023-08,13
SKU-090,2023-09,2
SKU-090,2023-10,7
SKU-090,2023-11,10
SKU-090,2023-12,6
SKU-090,2024-01,0
SKU-090,2024-02,7
SKU-090,2024-03,1
SKU-090,2024-04,9
SKU-090,2024-05,1
SKU-090,2024-06,15
SKU-090,2024-07,0
SKU-090,2024-08,5
SKU-090,2024-09,5
SKU-090,2024-10,11
SKU-090,2024-11,9
SKU-090,2024-12,5
SKU-091,2023-01,9
SKU-091,2023-02,0
SKU-091,2023-03,11
SKU-091,2023-04,3
SKU-091,2023-05,7
SKU-091,2023-06,5
SKU-091,2023-07,7
SKU-091,2023-08,9
SKU-091,2023-09,0
SKU-091,2023-10,0
SKU-091,2023-11,8
SKU-091,2023-12,7
SKU-091,2024-01,5
SKU-091,2024-02,16
SKU-091,2024-03,0
SKU-091,2024-04,5
SKU-091,2024-05,10
SKU-091,2024-06,5
SKU-091,2024-07,1
SKU-091,2024-08,13
SKU-091,2024-09,3
SKU-091,2024-10,2
SKU-091,2024-11,0
SKU-091,2024-12,5
SKU-092,2023-01,0
SKU-092,2023-02,0
SKU-092,2023-03,7
SKU-092,2023-04,8
SKU-092,2023-05,8
SKU-092,2023-06,7
SKU-092,2023-07,9
SKU-092,2023-08,11
SKU-092,2023-09,5
SKU-092,2023-10,3
SKU-092,2023-11,3
SKU-092,2023-12,6
SKU-092,2024-01,0
SKU-092,2024-02,2
SKU-092,2024-03,5
SKU-092,2024-04,7
SKU-092,2024-05,0
SKU-092,2024-06,0
SKU-092,2024-07,7
SKU-092,2024-08,5
SKU-092,2024-09,2
SKU-092,2024-10,7
SKU-092,2024-11,5
SKU-092,2024-12,7
SKU-093,2023-01,0
SKU-093,2023-02,0
SKU-093,2023-03,10
SKU-093,2023-04,19
SKU-093,2023-05,17
SKU-093,2023-06,2
SKU-093,2023-07,7
SKU-093,2023-08,11
SKU-093,2023-09,11
SKU-093,2023-10,6
SKU-093,2023-11,3
SKU-093,2023-12,3
SKU-093,2024-01,1
SKU-093,2024-02,0
SKU-093,2024-03,5
SKU-093,2024-04,7
SKU-093,2024-05,6
SKU-093,2024-06,5
SKU-093,2024-07,0
SKU-093,2024-08,11
SKU-093,2024-09,11
SKU-093,2024-10,0
SKU-093,2024-11,8
SKU-093,2024-12,9
SKU-094,2023-01,1
SKU-094,2023-02,5
SKU-094,2023-03,0
SKU-094,2023-04,4
SKU-094,2023-05,0
SKU-094,2023-06,0
SKU-094,2023-07,4
SKU-094,2023-08,6
SKU-094,2023-09,6
SKU-094,2023-10,6
SKU-094,2023-11,13
SKU-094,2023-12,10
SKU-094,2024-01,0
SKU-094,2024-02,2
SKU-094,2024-03,0
SKU-094,2024-04,6
SKU-094,2024-05,1
SKU-094,2024-06,7
SKU-094,2024-07,12
SKU-094,2024-08,9
SKU-094,2024-09,10
SKU-094,2024-10,0
SKU-094,2024-11,0
SKU-094,2024-12,4
SKU-095,2023-01,11
SKU-095,2023-02,0
SKU-095,2023-03,2
SKU-095,2023-04,8
SKU-095,2023-05,12
SKU-095,2023-06,9
SKU-095,2023-07,15
SKU-095,2023-08,3
SKU-095,2023-09,4
SKU-095,2023-10,5
SKU-095,2023-11,12
SKU-095,2023-12,12
SKU-095,2024-01,0
SKU-095,2024-02,8
SKU-095,2024-03,0
SKU-095,2024-04,1
SKU-095,2024-05,7
SKU-095,2024-06,6
SKU-095,2024-07,3
SKU-095,2024-08,0
SKU-095,2024-09,6
SKU-095,2024-10,15
SKU-095,2024-11,9
SKU-095,2024-12,0
SKU-096,2023-01,6
SKU-096,2023-02,2
SKU-096,2023-03,15
SKU-096,2023-04,5
SKU-096,2023-05,1
SKU-096,2023-06,1
SKU-096,2023-07,3
SKU-096,2023-08,9
SKU-096,2023-09,0
SKU-096,2023-10,9
SKU-096,2023-11,13
SKU-096,2023-12,5
SKU-096,2024-01,4
SKU-096,2024-02,10
SKU-096,2024-03,18
SKU-096,2024-04,13
SKU-096,2024-05,0
SKU-096,2024-06,5
SKU-096,2024-07,6
SKU-096,2024-08,8
SKU-096,2024-09,12
SKU-096,2024-10,15
SKU-096,2024-11,0
SKU-096,2024-12,10
SKU-097,2023-01,10
SKU-097,2023-02,10
SKU-097,2023-03,8
SKU-097,2023-04,3
SKU-097,2023-05,0
SKU-097,2023-06,1
SKU-097,2023-07,4
SKU-097,2023-08,0
SKU-097,2023-09,14
SKU-097,2023-10,15
SKU-097,2023-11,4
SKU-097,2023-12,7
SKU-097,2024-01,2
SKU-097,2024-02,11
SKU-097,2024-03,5
SKU-097,2024-04,0
SKU-097,2024-05,10
SKU-097,2024-06,3
SKU-097,2024-07,5
SKU-097,2024-08,10
SKU-097,2024-09,6
SKU-097,2024-10,5
SKU-097,2024-11,6
SKU-097,2024-12,9
SKU-098,2023-01,1
SKU-098,2023-02,4
SKU-098,2023-03,2
SKU-098,2023-04,3
SKU-098,2023-05,7
SKU-098,2023-06,11
SKU-098,2023-07,6
SKU-098,2023-08,3
SKU-098,2023-09,2
SKU-098,2023-10,0
SKU-098,2023-11,5
SKU-098,2023-12,5
SKU-098,2024-01,0
SKU-098,2024-02,0
SKU-098,2024-03,7
SKU-098,2024-04,2
SKU-098,2024-05,1
SKU-098,2024-06,6
SKU-098,2024-07,5
SKU-098,2024-08,7
SKU-098,2024-09,0
SKU-098,2024-10,0
SKU-098,2024-11,5
SKU-098,2024-12,3
SKU-099,2023-01,9
SKU-099,2023-02,11
SKU-099,2023-03,0
SKU-099,2023-04,4
SKU-099,2023-05,8
SKU-099,2023-06,11
SKU-099,2023-07,17
SKU-099,2023-08,20
SKU-099,2023-09,13
SKU-099,2023-10,11
SKU-099,2023-11,8
SKU-099,2023-12,17
SKU-099,2024-01,2
SKU-099,2024-02,4
SKU-099,2024-03,0
SKU-099,2024-04,14
SKU-099,2024-05,1
SKU-099,2024-06,10
SKU-099,2024-07,13
SKU-099,2024-08,0
SKU-099,2024-09,0
SKU-099,2024-10,15
SKU-099,2024-11,4
SKU-099,2024-12,0
SKU-100,2023-01,15
SKU-100,2023-02,0
SKU-100,2023-03,14
SKU-100,2023-04,3
SKU-100,2023-05,7
SKU-100,2023-06,10
SKU-100,2023-07,8
SKU-100,2023-08,10
SKU-100,2023-09,16
SKU-100,2023-10,19
SKU-100,2023-11,16
SKU-100,2023-12,13
SKU-100,2024-01,7
SKU-100,2024-02,0
SKU-100,2024-03,5
SKU-100,2024-04,9
SKU-100,2024-05,14
SKU-100,2024-06,13
SKU-100,2024-07,12
SKU-100,2024-08,7
SKU-100,2024-09,14
SKU-100,2024-10,12
SKU-100,2024-11,5
SKU-100,2024-12,4
SKU-101,2023-01,7
SKU-101,2023-02,4
SKU-101,2023-03,1
SKU-101,2023-04,0
SKU-101,2023-05,0
SKU-101,2023-06,0
SKU-101,2023-07,3
SKU-101,2023-08,0
SKU-101,2023-09,11
SKU-101,2023-10,9
SKU-101,2023-11,3
SKU-101,2023-12,10
SKU-101,2024-01,4
SKU-101,2024-02,6
SKU-101,2024-03,3
SKU-101,2024-04,4
SKU-101,2024-05,6
SKU-101,2024-06,5
SKU-101,2024-07,1
SKU-101,2024-08,4
SKU-101,2024-09,5
SKU-101,2024-10,4
SKU-101,2024-11,2
SKU-101,2024-12,4
SKU-102,2023-01,1
SKU-102,2023-02,6
SKU-102,2023-03,8
SKU-102,2023-04,3
SKU-102,2023-05,4
SKU-102,2023-06,2
SKU-102,2023-07,3
SKU-102,2023-08,0
SKU-102,2023-09,7
SKU-102,2023-10,1
SKU-102,2023-11,9
SKU-102,2023-12,1
SKU-102,2024-01,10
SKU-102,2024-02,4
SKU-102,2024-03,1
SKU-102,2024-04,10
SKU-102,2024-05,5
SKU-102,2024-06,8
SKU-102,2024-07,0
SKU-102,2024-08,8
SKU-102,2024-09,8
SKU-102,2024-10,11
SKU-102,2024-11,5
SKU-102,2024-12,9
SKU-103,2023-01,11
SKU-103,2023-02,1
SKU-103,2023-03,0
SKU-103,2023-04,13
SKU-103,2023-05,3
SKU-103,2023-06,6
SKU-103,2023-07,2
SKU-103,2023-08,12
SKU-103,2023-09,13
SKU-103,2023-10,17
SKU-103,2023-11,13
SKU-103,2023-12,10
SKU-103,2024-01,6
SKU-103,2024-02,8
SKU-103,2024-03,10
SKU-103,2024-04,4
SKU-103,2024-05,8
SKU-103,2024-06,11
SKU-103,2024-07,15
SKU-103,2024-08,10
SKU-103,2024-09,11
SKU-103,2024-10,14
SKU-103,2024-11,6
SKU-103,2024-12,11
SKU-104,2023-01,0
SKU-104,2023-02,3
SKU-104,2023-03,1
SKU-104,2023-04,1
SKU-104,2023-05,5
SKU-104,2023-06,0
SKU-104,2023-07,5
SKU-104,2023-08,12
SKU-104,2023-09,5
SKU-104,2023-10,0
SKU-104,2023-11,0
SKU-104,2023-12,3
SKU-104,2024-01,6
SKU-104,2024-02,4
SKU-104,2024-03,2
SKU-104,2024-04,17
SKU-104,2024-05,10
SKU-104,2024-06,0
SKU-104,2024-07,7
SKU-104,2024-08,7
SKU-104,2024-09,2
SKU-104,2024-10,9
SKU-104,2024-11,1
SKU-104,2024-12,5
SKU-105,2023-01,3
SKU-105,2023-02,3
SKU-105,2023-03,7
SKU-105,2023-04,2
SKU-105,2023-05,0
SKU-105,2023-06,3
SKU-105,2023-07,2
SKU-105,2023-08,7
SKU-105,2023-09,9
SKU-105,2023-10,5
SKU-105,2023-11,3
SKU-105,2023-12,4
SKU-105,2024-01,4
SKU-105,2024-02,4
SKU-105,2024-03,3
SKU-105,2024-04,5
SKU-105,2024-05,3
SKU-105,2024-06,1
SKU-105,2024-07,7
SKU-105,2024-08,4
SKU-105,2024-09,6
SKU-105,2024-10,7
SKU-105,2024-11,0
SKU-105,2024-12,5
SKU-106,2023-01,3
SKU-106,2023-02,3
SKU-106,2023-03,6
SKU-106,2023-04,1
SKU-106,2023-05,4
SKU-106,2023-06,3
SKU-106,2023-07,8
SKU-106,2023-08,9
SKU-106,2023-09,4
SKU-106,2023-10,5
SKU-106,2023-11,8
SKU-106,2023-12,5
SKU-106,2024-01,3
SKU-106,2024-02,5
SKU-106,2024-03,0
SKU-106,2024-04,6
SKU-106,2024-05,6
SKU-106,2024-06,6
SKU-106,2024-07,0
SKU-106,2024-08,5
SKU-106,2024-09,1
SKU-106,2024-10,9
SKU-106,2024-11,4
SKU-106,2024-12,7
SKU-107,2023-01,5
SKU-107,2023-02,8
SKU-107,2023-03,2
SKU-107,2023-04,4
SKU-107,2023-05,3
SKU-107,2023-06,6
SKU-107,2023-07,10
SKU-107,2023-08,9
SKU-107,2023-09,12
SKU-107,2023-10,9
SKU-107,2023-11,8
SKU-107,2023-12,3
SKU-107,2024-01,8
SKU-107,2024-02,7
SKU-107,2024-03,0
SKU-107,2024-04,3
SKU-107,2024-05,8
SKU-107,2024-06,8
SKU-107,2024-07,1
SKU-107,2024-08,1
SKU-107,2024-09,7
SKU-107,2024-10,6
SKU-107,2024-11,3
SKU-107,2024-12,9
SKU-108,2023-01,2
SKU-108,2023-02,0
SKU-108,2023-03,2
SKU-108,2023-04,0
SKU-108,2023-05,5
SKU-108,2023-06,0
SKU-108,2023-07,4
SKU-108,2023-08,0
SKU-108,2023-09,9
SKU-108,2023-10,2
SKU-108,2023-11,3
SKU-108,2023-12,4
SKU-108,2024-01,0
SKU-108,2024-02,2
SKU-108,2024-03,4
SKU-108,2024-04,7
SKU-108,2024-05,8
SKU-108,2024-06,4
SKU-108,2024-07,1
SKU-108,2024-08,3
SKU-108,2024-09,0
SKU-108,2024-10,0
SKU-108,2024-11,0
SKU-108,2024-12,0
SKU-109,2023-01,4
SKU-109,2023-02,5
SKU-109,2023-03,0
SKU-109,2023-04,0
SKU-109,2023-05,0
SKU-109,2023-06,0
SKU-109,2023-07,7
SKU-109,2023-08,1
SKU-109,2023-09,0
SKU-109,2023-10,1
SKU-109,2023-11,5
SKU-109,2023-12,3
SKU-109,2024-01,0
SKU-109,2024-02,4
SKU-109,2024-03,5
SKU-109,2024-04,1
SKU-109,2024-05,0
SKU-109,2024-06,8
SKU-109,2024-07,8
SKU-109,2024-08,9
SKU-109,2024-09,7
SKU-109,2024-10,3
SKU-109,2024-11,2
SKU-109,2024-12,6
SKU-110,2023-01,11
SKU-110,2023-02,5
SKU-110,2023-03,0
SKU-110,2023-04,6
SKU-110,2023-05,4
SKU-110,2023-06,6
SKU-110,2023-07,6
SKU-110,2023-08,13
SKU-110,2023-09,14
SKU-110,2023-10,11
SKU-110,2023-11,5
SKU-110,2023-12,7
SKU-110,2024-01,0
SKU-110,2024-02,10
SKU-110,2024-03,5
SKU-110,2024-04,4
SKU-110,2024-05,12
SKU-110,2024-06,5
SKU-110,2024-07,4
SKU-110,2024-08,4
SKU-110,2024-09,1
SKU-110,2024-10,10
SKU-110,2024-11,6
SKU-110,2024-12,11
SKU-111,2023-01,0
SKU-111,2023-02,0
SKU-111,2023-03,2
SKU-111,2023-04,4
SKU-111,2023-05,11
SKU-111,2023-06,4
SKU-111,2023-07,4
SKU-111,2023-08,8
SKU-111,2023-09,8
SKU-111,2023-10,10
SKU-111,2023-11,6
SKU-111,2023-12,6
SKU-111,2024-01,5
SKU-111,2024-02,6
SKU-111,2024-03,0
SKU-111,2024-04,0
SKU-111,2024-05,8
SKU-111,2024-06,7
SKU-111,2024-07,6
SKU-111,2024-08,6
SKU-111,2024-09,7
SKU-111,2024-10,5
SKU-111,2024-11,3
SKU-111,2024-12,4
SKU-112,2023-01,0
SKU-112,2023-02,5
SKU-112,2023-03,2
SKU-112,2023-04,1
SKU-112,2023-05,4
SKU-112,2023-06,0
SKU-112,2023-07,6
SKU-112,2023-08,2
SKU-112,2023-09,8
SKU-112,2023-10,6
SKU-112,2023-11,13
SKU-112,2023-12,3
SKU-112,2024-01,6
SKU-112,2024-02,7
SKU-112,2024-03,0
SKU-112,2024-04,0
SKU-112,2024-05,11
SKU-112,2024-06,7
SKU-112,2024-07,9
SKU-112,2024-08,7
SKU-112,2024-09,10
SKU-112,2024-10,5
SKU-112,2024-11,7
SKU-112,2024-12,1
SKU-113,2023-01,16
SKU-113,2023-02,0
SKU-113,2023-03,7
SKU-113,2023-04,9
SKU-113,2023-05,10
SKU-113,2023-06,8
SKU-113,2023-07,6
SKU-113,2023-08,1
SKU-113,2023-09,0
SKU-113,2023-10,12
SKU-113,2023-11,10
SKU-113,2023-12,0
SKU-113,2024-01,0
SKU-113,2024-02,8
SKU-113,2024-03,0
SKU-113,2024-04,0
SKU-113,2024-05,0
SKU-113,2024-06,10
SKU-113,2024-07,5
SKU-113,2024-08,2
SKU-113,2024-09,13
SKU-113,2024-10,4
SKU-113,2024-11,0
SKU-113,2024-12,6
SKU-114,2023-01,4
SKU-114,2023-02,2
SKU-114,2023-03,9
SKU-114,2023-04,6
SKU-114,2023-05,1
SKU-114,2023-06,16
SKU-114,2023-07,0
SKU-114,2023-08,8
SKU-114,2023-09,7
SKU-114,2023-10,0
SKU-114,2023-11,13
SKU-114,2023-12,4
SKU-114,2024-01,0
SKU-114,2024-02,0
SKU-114,2024-03,11
SKU-114,2024-04,5
SKU-114,2024-05,9
SKU-114,2024-06,13
SKU-114,2024-07,7
SKU-114,2024-08,9
SKU-114,2024-09,3
SKU-114,2024-10,7
SKU-114,2024-11,9
SKU-114,2024-12,17
SKU-115,2023-01,12
SKU-115,2023-02,6
SKU-115,2023-03,16
SKU-115,2023-04,5
SKU-115,2023-05,8
SKU-115,2023-06,12
SKU-115,2023-07,0
SKU-115,2023-08,4
SKU-115,2023-09,9
SKU-115,2023-10,19
SKU-115,2023-11,1
SKU-115,2023-12,13
SKU-115,2024-01,10
SKU-115,2024-02,8
SKU-115,2024-03,3
SKU-115,2024-04,13
SKU-115,2024-05,18
SKU-115,2024-06,13
SKU-115,2024-07,23
SKU-115,2024-08,0
SKU-115,2024-09,10
SKU-115,2024-10,6
SKU-115,2024-11,17
SKU-115,2024-12,8
SKU-116,2023-01,7
SKU-116,2023-02,1
SKU-116,2023-03,0
SKU-116,2023-04,6
SKU-116,2023-05,0
SKU-116,2023-06,0
SKU-116,2023-07,8
SKU-116,2023-08,8
SKU-116,2023-09,5
SKU-116,2023-10,0
SKU-116,2023-11,2
SKU-116,2023-12,3
SKU-116,2024-01,0
SKU-116,2024-02,9
SKU-116,2024-03,4
SKU-116,2024-04,5
SKU-116,2024-05,2
SKU-116,2024-06,0
SKU-116,2024-07,6
SKU-116,2024-08,1
SKU-116,2024-09,6
SKU-116,2024-10,7
SKU-116,2024-11,9
SKU-116,2024-12,3
SKU-117,2023-01,0
SKU-117,2023-02,4
SKU-117,2023-03,6
SKU-117,2023-04,2
SKU-117,2023-05,7
SKU-117,2023-06,0
SKU-117,2023-07,7
SKU-117,2023-08,7
SKU-117,2023-09,4
SKU-117,2023-10,5
SKU-117,2023-11,5
SKU-117,2023-12,3
SKU-117,2024-01,3
SKU-117,2024-02,7
SKU-117,2024-03,0
SKU-117,2024-04,1
SKU-117,2024-05,7
SKU-117,2024-06,0
SKU-117,2024-07,6
SKU-117,2024-08,0
SKU-117,2024-09,0
SKU-117,2024-10,0
SKU-117,2024-11,0
SKU-117,2024-12,4
SKU-118,2023-01,7
SKU-118,2023-02,8
SKU-118,2023-03,8
SKU-118,2023-04,4
SKU-118,2023-05,3
SKU-118,2023-06,3
SKU-118,2023-07,1
SKU-118,2023-08,4
SKU-118,2023-09,2
SKU-118,2023-10,0
SKU-118,2023-11,8
SKU-118,2023-12,5
SKU-118,2024-01,3
SKU-118,2024-02,1
SKU-118,2024-03,8
SKU-118,2024-04,2
SKU-118,2024-05,8
SKU-118,2024-06,0
SKU-118,2024-07,0
SKU-118,2024-08,4
SKU-118,2024-09,2
SKU-118,2024-10,0
SKU-118,2024-11,2
SKU-118,2024-12,5
SKU-119,2023-01,4
SKU-119,2023-02,2
SKU-119,2023-03,9
SKU-119,2023-04,5
SKU-119,2023-05,2
SKU-119,2023-06,8
SKU-119,2023-07,17
SKU-119,2023-08,8
SKU-119,2023-09,2
SKU-119,2023-10,10
SKU-119,2023-11,0
SKU-119,2023-12,2
SKU-119,2024-01,0
SKU-119,2024-02,10
SKU-119,2024-03,12
SKU-119,2024-04,7
SKU-119,2024-05,2
SKU-119,2024-06,1
SKU-119,2024-07,2
SKU-119,2024-08,5
SKU-119,2024-09,3
SKU-119,2024-10,13
SKU-119,2024-11,10
SKU-119,2024-12,5
SKU-120,2023-01,7
SKU-120,2023-02,2
SKU-120,2023-03,0
SKU-120,2023-04,0
SKU-120,2023-05,10
SKU-120,2023-06,9
SKU-120,2023-07,5
SKU-120,2023-08,3
SKU-120,2023-09,0
SKU-120,2023-10,0
SKU-120,2023-11,0
SKU-120,2023-12,10
SKU-120,2024-01,8
SKU-120,2024-02,7
SKU-120,2024-03,10
SKU-120,2024-04,20
SKU-120,2024-05,2
SKU-120,2024-06,11
SKU-120,2024-07,9
SKU-120,2024-08,0
SKU-120,2024-09,11
SKU-120,2024-10,10
SKU-120,2024-11,1
SKU-120,2024-12,0
